sequence_id	is_tps	candidate_state	tps_motif_found	tps_motif_position	tps_motif_variant	anchor_found	anchor_position	anchor_variant	cembrene_anchor_found	cembrene_window_method	cembrene_anchor_position	cembrene_anchor_variant	motif_window	best_cembrene_match	best_cembrene_identity	best_non_cembrene_match	best_non_cembrene_identity	best_validated_cess_match	best_validated_cess_identity	cess_priority_tier	cess_priority_score	predicted_cess_like	predicted_cembrene_like
all_tps|ERR4669814_NODE_34617_length_1857_cov_11.884956_g18826_i0_1	yes	CeSS-like	yes	106	DDMND	fallback_window	210	LWRRCF	no	center_fallback	210	LWRRCF	TGCEISDNEMLWRRCFDALALAVYMS	S_AbTC-2-cembreneA	1.0	EcTC-1a	0.3077	S_AbTC-2	1.0	validated_cess_supported	110.692308	yes	yes
all_tps|ERR3026435_NODE_11870_length_1607_cov_11.217997_g9475_i0_1	yes	CeSS-like	yes	95	DDVLE	fallback_window	210	TRLLAA	no	center_fallback	210	TRLLAA	SGGSYSKDIWTRLLAAGTMIWLIAQE	TmTC-1-Cembrene_A	1.0	gGvTC-7	0.5769	TmTC-1-Cembrene_A	1.0	validated_cess_supported	110.423077	yes	yes
all_tps|ERR3026435_NODE_12514_length_1565_cov_109.590495_g9996_i0_1	yes	CeSS-like	yes	94	DDLLE	fallback_window	210	LWRRVF	no	center_fallback	210	LWRRVF	LEKPSTVLQALWRRVFSGAPLMWMLF	S_TmTC-1-cembreneA	1.0	TmTC-3	1.0	S_TmTC-1-cembreneA	1.0	validated_cess_supported	110.0	yes	yes
all_tps|SRR17260582_NODE_21309_length_1893_cov_32.774725_g9463_i0_1	yes	CeSS-like	yes	93	DDRIE	yes	210	CFDVLA	yes	anchor_match	210	CFDVLA	VTEGEMLWRRCFDVLALPAYVVPEYF	S_StTC-1-cembreneC	0.5	S_CdTC-2	1.0	S_CdTC-2	1.0	validated_cess_supported	105.5	yes	yes
all_tps|SRR15783032_NODE_29565_length_1834_cov_19.863714_g20238_i0_1	yes	TPS-positive	yes	93	DDRIE	yes	210	CFDVLA	yes	anchor_match	210	CFDVLA	VSEGEMLWRRCFDVLAVPSYLAPESF	S_StTC-1-cembreneC	0.5385	EcTPS-1	1.0	S_CdTC-2	0.7692	non_cess	82.807692	no	no
all_tps|ERR4669811_NODE_55110_length_1727_cov_22.428486_g26218_i0_1	yes	TPS-positive	yes	95	DDAVE	fallback_window	210	RRVFDG	no	center_fallback	210	RRVFDG	STVTSHEMLWRRVFDGLVILFYQFDE	TmTC-1-Cembrene_A	0.1538	TP2	1.0	AbTC-3	0.4615	fallback_no_validated_support	47.692308	no	no
all_tps|ERR4669814_NODE_28423_length_2113_cov_14.561047_g14889_i0_1	yes	TPS-positive	yes	95	DDAVE	fallback_window	210	RRVFDG	no	center_fallback	210	RRVFDG	SIITSDEMLWRRVFDGLVILFYQFGE	TmTC-1-Cembrene_A	0.1538	AbTPS	1.0	AbTC-3	0.4615	fallback_no_validated_support	47.692308	no	no
all_tps|SRR17260582_NODE_24162_length_1699_cov_25.423124_g9486_i1_1	yes	TPS-positive	yes	93	DDQME	fallback_window	210	RIFGGC	no	center_fallback	210	RIFGGC	QGTVLEVFWRRIFGGCAFSLPFFAEV	BaTC-1-cembreneA	0.4231	CdTC-1a	1.0	BaTC-1-cembreneA	0.4231	fallback_no_validated_support	46.538462	no	no
all_tps|SRR15783032_NODE_54800_length_1142_cov_12.321796_g11615_i3_1	yes	TPS-positive	yes	94	DDILE	fallback_window	210	RRLFDG	no	center_fallback	210	RRLFDG	CKVPYYELIWRRLFDGHVMIWGISFE	TmTC-1-Cembrene_A	0.3846	ErycarTC-8	1.0	TmTC-1-Cembrene_A	0.3846	fallback_no_validated_support	42.307692	no	no
all_tps|SRR15421489_NODE_21571_length_2301_cov_55.607904_g7986_i0_1	yes	TPS-positive	yes	93	DDQME	fallback_window	210	IFGGCP	no	center_fallback	210	IFGGCP	GTVLEVFWRRIFGGCPLPFHVLADVC	CdTC-2-cembrene-cembreneA-cembreneC	0.6538	S_ClTC-1	1.0	S_CdTC-2	0.3462	fallback_no_validated_support	41.153846	no	no
all_tps|SRR17260582_NODE_21358_length_1890_cov_21.439185_g9486_i0_1	yes	TPS-positive	yes	93	DDQME	fallback_window	210	VFGGCF	no	center_fallback	210	VFGGCF	ETVLENYWRRVFGGCFFPLHLLAEVC	CdTC-2-cembrene-cembreneA-cembreneC	1.0	S_ClTC-1	0.6538	S_CdTC-2	0.3077	fallback_family_supported_only	41.115385	no	no
all_tps|SRR15421486_NODE_26714_length_1967_cov_25.068300_g12080_i0_2	yes	TPS-positive	yes	91	DDQME	fallback_window	210	SGGPMF	no	center_fallback	210	SGGPMF	VEEVYWRRVFSGGPMFYYLLADVFSG	RmTC-1-cembreneB	0.3462	S_PsTC-2	0.6923	RmTC-1-cembreneB	0.3462	fallback_no_validated_support	38.076923	no	no
all_tps|SRR17260582_NODE_25295_length_1625_cov_14.597938_g11165_i0_1	yes	TPS-positive	yes	93	DDQME	fallback_window	210	VFGGCS	no	center_fallback	210	VFGGCS	ETILESYWRRVFGGCSFPFLLLADVC	CdTC-2-cembrene-cembreneA-cembreneC	0.7692	S_ClTC-1	0.6538	S_CdTC-2	0.2692	fallback_family_supported_only	34.730769	no	no
all_tps|SRR17260582_NODE_15328_length_2385_cov_286.957612_g4313_i3_1	yes	TPS-positive	yes	93	DDAME	fallback_window	210	VLSGAV	no	center_fallback	210	VLSGAV	VPNVEIVWRRVLSGAVLPWLHYLEVS	S_StTC-1-cembreneC	0.3462	S_CdTC-1	1.0	S_CdTC-2	0.3077	fallback_no_validated_support	34.230769	no	no
all_tps|SRR13068648_NODE_5499_length_3587_cov_61.901639_g3097_i0_1	yes	TPS-positive	yes	92	DDTME	fallback_window	210	ITAGAP	no	center_fallback	210	ITAGAP	STENEILWSRITAGAPLVLVAYVEIS	S_StTC-1-cembreneC	0.3077	PhoTC-2	1.0	S_CdTC-2	0.3077	fallback_no_validated_support	33.846154	no	no
all_tps|SRR15421486_NODE_27823_length_1922_cov_103.642285_g12622_i0_1	yes	TPS-positive	yes	91	DDQME	fallback_window	210	AGGPMY	no	center_fallback	210	AGGPMY	IVEIYWRRVNAGGPMYYHLPADVFSG	RmTC-1-cembreneB	0.2692	S_PsTC-2	1.0	RmTC-1-cembreneB	0.2692	fallback_no_validated_support	29.615385	no	no
all_tps|SRR15421486_NODE_35458_length_1649_cov_83.206875_g12622_i1_2	yes	TPS-positive	yes	91	DDQME	fallback_window	210	AGGPMY	no	center_fallback	210	AGGPMY	IVEIYWRRVNAGGPMYYHLPADVFSG	RmTC-1-cembreneB	0.2692	S_PsTC-2	1.0	RmTC-1-cembreneB	0.2692	fallback_no_validated_support	29.615385	no	no
all_tps|SRR13068648_NODE_4158_length_4077_cov_31.377358_g101_i2_1	yes	TPS-positive	yes	93	DDILE	fallback_window	210	FWRRIF	no	center_fallback	210	FWRRIF	MTEKDTENVVFWRRIFGGVPMFIGFY	S_TmTC-1-cembreneA	0.2692	PkuTC-4	1.0	S_TmTC-1-cembreneA	0.2692	fallback_no_validated_support	29.615385	no	no
all_tps|SRR15783032_NODE_16784_length_2455_cov_148.531066_g11155_i0_1	yes	TPS-positive	yes	94	DDMLE	fallback_window	210	RIFNSG	no	center_fallback	210	RIFNSG	EVPLDELLWRRIFNSGTSIYHYSFQP	AbTC-2-cembreneA	0.3077	ErycarTC-5	1.0	BaTC-1-cembreneA	0.2308	fallback_no_validated_support	26.153846	no	no
all_tps|SRR15421816_NODE_41117_length_2104_cov_130.783455_g13938_i0_2	yes	TPS-positive	yes	94	DDKME	fallback_window	210	ILTGGP	no	center_fallback	210	ILTGGP	TNTADMLWRRILTGGPVHFLLGVEAM	S_StTC-1-cembreneC	0.2692	S_RsTC-1	1.0	BaTC-1-cembreneA	0.2308	fallback_no_validated_support	25.769231	no	no
all_tps|ERR4669811_NODE_41483_length_2142_cov_39.915910_g18335_i0_1	yes	TPS-positive	yes	94	DDILE	fallback_window	210	RLLTSA	no	center_fallback	210	RLLTSA	AGLYAEDLWTRLLTSAVLTWIVGQEV	AbTC-2-cembreneA	0.2692	S_PeTC-1	1.0	Dgem_cbTC_1	0.2308	fallback_no_validated_support	25.769231	no	no
all_tps|SRR15421816_NODE_55739_length_1710_cov_119.429259_g20062_i0_1	yes	TPS-positive	yes	126	DDAVE	fallback_window	210	RRRTSN	no	center_fallback	210	RRRTSN	NTRNNLAFNVRRRTSNAISISLQAVL	DgTC-2-cembreneA	0.1538	SCB-144_TC4	0.2308	AbTC-3	0.2308	fallback_no_validated_support	24.615385	no	no
all_tps|SRR15783032_NODE_36846_length_1593_cov_28.878947_g25566_i0_1	yes	TPS-positive	yes	90	DDVLE	fallback_window	210	NLGFPV	no	center_fallback	210	NLGFPV	KEFLWRRSADNLGFPVLMLSEVVSGL	EcTPS-6-cembreneB	1.0	S_CdTC-3	0.5	ErTC-1-Cembrene_A	0.1154	fallback_family_supported_only	22.038462	no	no
all_tps|SRR15783032_NODE_22018_length_2147_cov_59.377049_g14831_i0_1	yes	TPS-positive	yes	85	DDTVE	fallback_window	210	PFCLLP	no	center_fallback	210	PFCLLP	TLWRRCVAGGPFCLLPILEITSGAMG	Basb_cbTC_1-cembreneB	0.1923	SCB-144_TC1	0.4231	Basb_cbTC_1	0.1923	fallback_no_validated_support	21.153846	no	no
all_tps|ERR4669814_NODE_2575_length_6439_cov_14.400469_g623_i2_4	yes	TPS-positive	yes	94	DDVLE	fallback_window	210	RLLAAG	no	center_fallback	210	RLLAAG	IGLYSLNVWTRLLAAGAMIWVFSLEI	NA-141_TC4-cembreneA	0.2308	NA-141_TC5	0.9231	BaTC-1-cembreneA	0.1538	fallback_no_validated_support	17.692308	no	no
all_tps|SRR13068648_NODE_17151_length_1903_cov_21.417476_g9532_i0_1	yes	TPS-positive	yes	93	DDILE	fallback_window	210	WRRIFG	no	center_fallback	210	WRRIFG	TEKDTENDVLWRRIFGAGTMFGMVYT	NA-218_TC-1-cembreneB	0.1923	EcTC-1k	1.0	DgTC-2-cembreneA	0.1538	fallback_no_validated_support	17.307692	no	no
all_tps|SRR12876613_NODE_4686_length_1645_cov_18.020677_g4683_i0_2	yes	TPS-positive	yes	93	DDFIE	fallback_window	210	WRRIFG	no	center_fallback	210	WRRIFG	TEKDTENDVLWRRIFGAGTMFGMVYT	NA-218_TC-1-cembreneB	0.1923	EcTC-1k	1.0	DgTC-2-cembreneA	0.1538	fallback_no_validated_support	17.307692	no	no
all_tps|SRR12573944_NODE_9952_length_2159_cov_12.348341_g7958_i0_1	yes	TPS-positive	yes	102	DDVLE	fallback_window	210	SERELL	no	center_fallback	210	SERELL	LSKTKTGCLVSERELLWRRCFDGIPI	S_TmTC-1-cembreneA	0.1538	PkuTC-7	0.1538	S_TmTC-1-cembreneA	0.1538	fallback_no_validated_support	16.923077	no	no
all_tps|SRR17260582_NODE_11876_length_2767_cov_70.864143_g753_i11_1	yes	TPS-positive	yes	90	DDTME	fallback_window	210	SCTLPF	no	center_fallback	210	SCTLPF	LETLWRRAFDSCTLPFHMLGEVFSGA	EcTPS-6-cembreneB	0.5	S_CdTC-3	1.0	S_TmTC-1-cembreneA	0.1154	fallback_no_validated_support	16.538462	no	no
all_tps|SRR15421489_NODE_43185_length_1425_cov_12.231105_g16935_i0_1	yes	TPS-positive	yes	90	DDIIE	fallback_window	210	SCALPF	no	center_fallback	210	SCALPF	LETLWRRGFDSCALPFHMLGEVFSGA	EcTPS-6-cembreneB	0.5	S_CdTC-3	0.9231	DgTC-2-cembreneA	0.1154	fallback_no_validated_support	16.538462	no	no
all_tps|SRR15421489_NODE_43178_length_1425_cov_20.694767_g16932_i0_1	yes	TPS-positive	yes	90	DDRME	fallback_window	210	ACALIF	no	center_fallback	210	ACALIF	VETLWRRGFDACALIFCLLGEVFSGA	EcTPS-6-cembreneB	0.4231	ClTC-1	1.0	DgTC-2-cembreneA	0.1154	fallback_no_validated_support	15.769231	no	no
all_tps|SRR15783032_NODE_15046_length_2580_cov_53.078580_g9995_i0_1	yes	TPS-positive	yes	116	DDITE	fallback_window	210	YLSSLK	no	center_fallback	210	YLSSLK	WRRMTVSTSCYLSSLKVKYITSPSVT	RmTC-1-cembreneB	0.1154	EvTC-2	0.1538	RmTC-1-cembreneB	0.1154	fallback_no_validated_support	12.692308	no	no
all_tps|SRR17260582_NODE_20047_length_1985_cov_320.892782_g4313_i4_2	no	TPS-negative	no			no			no	not_assessed					0.0		0.0		0.0	tps_negative	0.0	no	no
all_tps|SRR17260582_NODE_31396_length_1279_cov_199.950249_g6219_i6_1	no	TPS-negative	no			no			no	not_assessed					0.0		0.0		0.0	tps_negative	0.0	no	no
all_tps|ERR3026435_NODE_15632_length_1375_cov_67.028975_g12576_i0_1	no	TPS-negative	no			no			no	not_assessed					0.0		0.0		0.0	tps_negative	0.0	no	no
all_tps|SRR15421486_NODE_27193_length_1946_cov_45.933579_g12305_i0_1	no	TPS-negative	no			no			no	not_assessed					0.0		0.0		0.0	tps_negative	0.0	no	no
